Date,HomeTeam,AwayTeam,FTHG,FTAG,FTR
28/08/10,Hercules,Ath Bilbao,0,1,A
28/08/10,Levante,Sevilla,1,4,A
28/08/10,Malaga,Valencia,1,3,A
29/08/10,Espanol,Getafe,3,1,H
29/08/10,La Coruna,Zaragoza,0,0,D
29/08/10,Mallorca,Real Madrid,0,0,D
29/08/10,Osasuna,Almeria,0,0,D
29/08/10,Santander,Barcelona,0,3,A
29/08/10,Sociedad,Villarreal,1,0,H
30/08/10,Ath Madrid,Sp Gijon,4,0,H
11/09/10,Ath Bilbao,Ath Madrid,1,2,A
11/09/10,Barcelona,Hercules,0,2,A
11/09/10,Real Madrid,Osasuna,1,0,H
11/09/10,Valencia,Santander,1,0,H
12/09/10,Getafe,Levante,4,1,H
12/09/10,Sevilla,La Coruna,0,0,D
12/09/10,Sp Gijon,Mallorca,2,0,H
12/09/10,Villarreal,Espanol,4,0,H
12/09/10,Zaragoza,Malaga,3,5,A
13/09/10,Almeria,Sociedad,2,2,D
18/09/10,Espanol,Almeria,1,0,H
18/09/10,Mallorca,Osasuna,2,0,H
18/09/10,Sociedad,Real Madrid,1,2,A
18/09/10,Sp Gijon,Ath Bilbao,2,2,D
19/09/10,Ath Madrid,Barcelona,1,2,A
19/09/10,Hercules,Valencia,1,2,A
19/09/10,Levante,Villarreal,1,2,A
19/09/10,Malaga,Sevilla,1,2,A
19/09/10,Santander,Zaragoza,2,0,H
20/09/10,La Coruna,Getafe,2,2,D
21/09/10,Ath Bilbao,Mallorca,3,0,H
21/09/10,Osasuna,Sociedad,3,1,H
21/09/10,Real Madrid,Espanol,3,0,H
22/09/10,Almeria,Levante,0,1,A
22/09/10,Barcelona,Sp Gijon,1,0,H
22/09/10,Valencia,Ath Madrid,1,1,D
22/09/10,Zaragoza,Hercules,0,0,D
23/09/10,Getafe,Malaga,0,2,A
23/09/10,Sevilla,Santander,1,1,D
23/09/10,Villarreal,La Coruna,1,0,H
25/09/10,Ath Bilbao,Barcelona,1,3,A
25/09/10,Levante,Real Madrid,0,0,D
25/09/10,Sp Gijon,Valencia,0,2,A
26/09/10,Ath Madrid,Zaragoza,1,0,H
26/09/10,Espanol,Osasuna,1,0,H
26/09/10,Hercules,Sevilla,2,0,H
26/09/10,La Coruna,Almeria,0,2,A
26/09/10,Mallorca,Sociedad,2,0,H
26/09/10,Santander,Getafe,0,1,A
27/09/10,Malaga,Villarreal,2,3,A
02/10/10,Sociedad,Espanol,1,0,H
02/10/10,Valencia,Ath Bilbao,2,1,H
02/10/10,Zaragoza,Sp Gijon,2,2,D
03/10/10,Almeria,Malaga,1,1,D
03/10/10,Barcelona,Mallorca,1,1,D
03/10/10,Getafe,Hercules,3,0,H
03/10/10,Osasuna,Levante,1,1,D
03/10/10,Real Madrid,La Coruna,6,1,H
03/10/10,Sevilla,Ath Madrid,3,1,H
03/10/10,Villarreal,Santander,2,0,H
16/10/10,Ath Madrid,Getafe,2,0,H
16/10/10,Barcelona,Valencia,2,1,H
16/10/10,Malaga,Real Madrid,1,4,A
17/10/10,Ath Bilbao,Zaragoza,2,1,H
17/10/10,La Coruna,Osasuna,0,0,D
17/10/10,Levante,Sociedad,2,1,H
17/10/10,Mallorca,Espanol,0,1,A
17/10/10,Santander,Almeria,1,0,H
17/10/10,Sp Gijon,Sevilla,2,0,H
18/10/10,Hercules,Villarreal,2,2,D
23/10/10,Real Madrid,Santander,6,1,H
23/10/10,Valencia,Mallorca,1,2,A
23/10/10,Zaragoza,Barcelona,0,2,A
24/10/10,Almeria,Hercules,1,1,D
24/10/10,Espanol,Levante,2,1,H
24/10/10,Getafe,Sp Gijon,3,0,H
24/10/10,Osasuna,Malaga,3,0,H
24/10/10,Sevilla,Ath Bilbao,4,3,H
24/10/10,Villarreal,Ath Madrid,2,0,H
25/10/10,Sociedad,La Coruna,3,0,H
30/10/10,Barcelona,Sevilla,5,0,H
30/10/10,Hercules,Real Madrid,1,3,A
30/10/10,Valencia,Zaragoza,1,1,D
31/10/10,Ath Bilbao,Getafe,3,0,H
31/10/10,Ath Madrid,Almeria,1,1,D
31/10/10,La Coruna,Espanol,3,0,H
31/10/10,Malaga,Sociedad,1,2,A
31/10/10,Santander,Osasuna,4,1,H
31/10/10,Sp Gijon,Villarreal,1,1,D
01/11/10,Mallorca,Levante,2,1,H
06/11/10,Espanol,Malaga,1,0,H
06/11/10,Sociedad,Santander,1,0,H
07/11/10,Almeria,Sp Gijon,1,1,D
07/11/10,Getafe,Barcelona,1,3,A
07/11/10,Levante,La Coruna,1,2,A
07/11/10,Osasuna,Hercules,3,0,H
07/11/10,Real Madrid,Ath Madrid,2,0,H
07/11/10,Villarreal,Ath Bilbao,4,1,H
07/11/10,Zaragoza,Mallorca,3,2,H
08/11/10,Sevilla,Valencia,2,0,H
13/11/10,Ath Bilbao,Almeria,1,0,H
13/11/10,Ath Madrid,Osasuna,3,0,H
13/11/10,Barcelona,Villarreal,3,1,H
14/11/10,Hercules,Sociedad,2,1,H
14/11/10,Malaga,Levante,1,0,H
14/11/10,Mallorca,La Coruna,0,0,D
14/11/10,Santander,Espanol,0,0,D
14/11/10,Sp Gijon,Real Madrid,0,1,A
14/11/10,Valencia,Getafe,2,0,H
14/11/10,Zaragoza,Sevilla,1,2,A
20/11/10,Almeria,Barcelona,0,8,A
20/11/10,Real Madrid,Ath Bilbao,5,1,H
20/11/10,Villarreal,Valencia,1,1,D
21/11/10,Espanol,Hercules,3,0,H
21/11/10,La Coruna,Malaga,3,0,H
21/11/10,Levante,Santander,3,1,H
21/11/10,Osasuna,Sp Gijon,1,0,H
21/11/10,Sevilla,Mallorca,1,2,A
21/11/10,Sociedad,Ath Madrid,2,4,A
22/11/10,Getafe,Zaragoza,1,1,D
27/11/10,Ath Madrid,Espanol,2,3,A
27/11/10,Sevilla,Getafe,1,3,A
27/11/10,Zaragoza,Villarreal,0,3,A
28/11/10,Ath Bilbao,Osasuna,1,0,H
28/11/10,Hercules,Levante,3,1,H
28/11/10,Mallorca,Malaga,2,0,H
28/11/10,Santander,La Coruna,1,0,H
28/11/10,Sp Gijon,Sociedad,1,3,A
28/11/10,Valencia,Almeria,2,1,H
29/11/10,Barcelona,Real Madrid,5,0,H
04/12/10,Levante,Ath Madrid,2,0,H
04/12/10,Osasuna,Barcelona,0,3,A
04/12/10,Real Madrid,Valencia,2,0,H
05/12/10,Almeria,Zaragoza,1,1,D
05/12/10,Espanol,Sp Gijon,1,0,H
05/12/10,Getafe,Mallorca,3,0,H
05/12/10,Malaga,Santander,4,1,H
05/12/10,Sociedad,Ath Bilbao,2,0,H
05/12/10,Villarreal,Sevilla,1,0,H
06/12/10,La Coruna,Hercules,1,0,H
11/12/10,Ath Madrid,La Coruna,2,0,H
11/12/10,Getafe,Villarreal,1,0,H
11/12/10,Sevilla,Almeria,1,3,A
12/12/10,Ath Bilbao,Espanol,2,1,H
12/12/10,Barcelona,Sociedad,5,0,H
12/12/10,Hercules,Malaga,4,1,H
12/12/10,Mallorca,Santander,0,1,A
12/12/10,Sp Gijon,Levante,1,1,D
12/12/10,Zaragoza,Real Madrid,1,3,A
13/12/10,Valencia,Osasuna,3,3,D
18/12/10,Espanol,Barcelona,1,5,A
18/12/10,La Coruna,Sp Gijon,1,1,D
18/12/10,Levante,Ath Bilbao,1,2,A
18/12/10,Sociedad,Valencia,1,2,A
18/12/10,Villarreal,Mallorca,3,1,H
19/12/10,Almeria,Getafe,2,3,A
19/12/10,Malaga,Ath Madrid,0,3,A
19/12/10,Osasuna,Zaragoza,0,0,D
19/12/10,Real Madrid,Sevilla,1,0,H
20/12/10,Santander,Hercules,0,0,D
02/01/11,Ath Bilbao,La Coruna,1,2,A
02/01/11,Barcelona,Levante,2,1,H
02/01/11,Sevilla,Osasuna,1,0,H
02/01/11,Sp Gijon,Malaga,1,2,A
02/01/11,Valencia,Espanol,2,1,H
03/01/11,Ath Madrid,Santander,0,0,D
03/01/11,Getafe,Real Madrid,2,3,A
03/01/11,Mallorca,Hercules,3,0,H
03/01/11,Villarreal,Almeria,2,0,H
03/01/11,Zaragoza,Sociedad,2,1,H
08/01/11,La Coruna,Barcelona,0,4,A
08/01/11,Malaga,Ath Bilbao,1,1,D
08/01/11,Sociedad,Sevilla,2,3,A
09/01/11,Espanol,Zaragoza,4,0,H
09/01/11,Levante,Valencia,0,1,A
09/01/11,Mallorca,Almeria,4,1,H
09/01/11,Osasuna,Getafe,0,0,D
09/01/11,Real Madrid,Villarreal,4,2,H
09/01/11,Santander,Sp Gijon,1,1,D
10/01/11,Hercules,Ath Madrid,4,1,H
15/01/11,Ath Bilbao,Santander,2,1,H
15/01/11,Getafe,Sociedad,0,4,A
15/01/11,Sevilla,Espanol,1,2,A
15/01/11,Sp Gijon,Hercules,2,0,H
15/01/11,Villarreal,Osasuna,4,2,H
15/01/11,Zaragoza,Levante,1,0,H
16/01/11,Almeria,Real Madrid,1,1,D
16/01/11,Barcelona,Malaga,4,1,H
16/01/11,Valencia,La Coruna,2,0,H
17/01/11,Ath Madrid,Mallorca,3,0,H
22/01/11,Barcelona,Santander,3,0,H
22/01/11,Sevilla,Levante,4,1,H
22/01/11,Valencia,Malaga,4,3,H
23/01/11,Almeria,Osasuna,3,2,H
23/01/11,Getafe,Espanol,1,3,A
23/01/11,Real Madrid,Mallorca,1,0,H
23/01/11,Sp Gijon,Ath Madrid,1,0,H
23/01/11,Villarreal,Sociedad,2,1,H
23/01/11,Zaragoza,La Coruna,1,0,H
24/01/11,Ath Bilbao,Hercules,3,0,H
29/01/11,Hercules,Barcelona,0,3,A
29/01/11,La Coruna,Sevilla,3,3,D
29/01/11,Levante,Getafe,2,0,H
29/01/11,Malaga,Zaragoza,1,2,A
29/01/11,Mallorca,Sp Gijon,0,4,A
29/01/11,Sociedad,Almeria,2,0,H
30/01/11,Ath Madrid,Ath Bilbao,0,2,A
30/01/11,Espanol,Villarreal,0,1,A
30/01/11,Osasuna,Real Madrid,1,0,H
31/01/11,Santander,Valencia,1,1,D
05/02/11,Almeria,Espanol,3,2,H
05/02/11,Ath Bilbao,Sp Gijon,3,0,H
05/02/11,Barcelona,Ath Madrid,3,0,H
05/02/11,Getafe,La Coruna,4,1,H
05/02/11,Osasuna,Mallorca,1,1,D
05/02/11,Villarreal,Levante,0,1,A
05/02/11,Zaragoza,Santander,1,1,D
06/02/11,Real Madrid,Sociedad,4,1,H
06/02/11,Sevilla,Malaga,0,0,D
06/02/11,Valencia,Hercules,2,0,H
12/02/11,Ath Madrid,Valencia,1,2,A
12/02/11,Santander,Sevilla,3,2,H
12/02/11,Sp Gijon,Barcelona,1,1,D
13/02/11,Espanol,Real Madrid,0,1,A
13/02/11,Hercules,Zaragoza,2,1,H
13/02/11,La Coruna,Villarreal,1,0,H
13/02/11,Levante,Almeria,1,0,H
13/02/11,Malaga,Getafe,2,2,D
13/02/11,Sociedad,Osasuna,1,0,H
14/02/11,Mallorca,Ath Bilbao,1,0,H
19/02/11,Real Madrid,Levante,2,0,H
19/02/11,Valencia,Sp Gijon,0,0,D
19/02/11,Zaragoza,Ath Madrid,0,1,A
20/02/11,Almeria,La Coruna,1,1,D
20/02/11,Barcelona,Ath Bilbao,2,1,H
20/02/11,Getafe,Santander,0,1,A
20/02/11,Osasuna,Espanol,4,0,H
20/02/11,Sevilla,Hercules,1,0,H
20/02/11,Villarreal,Malaga,1,1,D
21/02/11,Sociedad,Mallorca,1,0,H
26/02/11,Ath Madrid,Sevilla,2,2,D
26/02/11,Espanol,Sociedad,4,1,H
26/02/11,La Coruna,Real Madrid,0,0,D
26/02/11,Mallorca,Barcelona,0,3,A
26/02/11,Sp Gijon,Zaragoza,0,0,D
27/02/11,Ath Bilbao,Valencia,1,2,A
27/02/11,Hercules,Getafe,0,0,D
27/02/11,Levante,Osasuna,2,1,H
27/02/11,Santander,Villarreal,2,2,D
28/02/11,Malaga,Almeria,3,1,H
01/03/11,Espanol,Mallorca,1,2,A
01/03/11,Sevilla,Sp Gijon,3,0,H
02/03/11,Getafe,Ath Madrid,1,1,D
02/03/11,Osasuna,La Coruna,0,0,D
02/03/11,Sociedad,Levante,1,1,D
02/03/11,Valencia,Barcelona,0,1,A
02/03/11,Villarreal,Hercules,1,0,H
02/03/11,Zaragoza,Ath Bilbao,2,1,H
03/03/11,Almeria,Santander,1,1,D
03/03/11,Real Madrid,Malaga,7,0,H
05/03/11,Ath Madrid,Villarreal,3,1,H
05/03/11,Barcelona,Zaragoza,1,0,H
05/03/11,Mallorca,Valencia,1,2,A
06/03/11,Ath Bilbao,Sevilla,2,0,H
06/03/11,Hercules,Almeria,1,2,A
06/03/11,Levante,Espanol,1,0,H
06/03/11,Malaga,Osasuna,0,1,A
06/03/11,Santander,Real Madrid,1,3,A
06/03/11,Sp Gijon,Getafe,2,0,H
07/03/11,La Coruna,Sociedad,2,1,H
12/03/11,Almeria,Ath Madrid,2,2,D
12/03/11,Real Madrid,Hercules,2,0,H
12/03/11,Zaragoza,Valencia,4,0,H
13/03/11,Espanol,La Coruna,2,0,H
13/03/11,Levante,Mallorca,1,1,D
13/03/11,Osasuna,Santander,3,1,H
13/03/11,Sevilla,Barcelona,1,1,D
13/03/11,Sociedad,Malaga,0,2,A
13/03/11,Villarreal,Sp Gijon,1,1,D
14/03/11,Getafe,Ath Bilbao,2,2,D
19/03/11,Ath Madrid,Real Madrid,1,2,A
19/03/11,Barcelona,Getafe,2,1,H
19/03/11,Mallorca,Zaragoza,1,0,H
20/03/11,Ath Bilbao,Villarreal,0,1,A
20/03/11,Hercules,Osasuna,0,4,A
20/03/11,La Coruna,Levante,0,1,A
20/03/11,Malaga,Espanol,2,0,H
20/03/11,Santander,Sociedad,2,1,H
20/03/11,Sp Gijon,Almeria,1,0,H
20/03/11,Valencia,Sevilla,0,1,A
02/04/11,Getafe,Valencia,2,4,A
02/04/11,Real Madrid,Sp Gijon,0,1,A
02/04/11,Villarreal,Barcelona,0,1,A
03/04/11,Espanol,Santander,1,2,A
03/04/11,La Coruna,Mallorca,2,1,H
03/04/11,Levante,Malaga,3,1,H
03/04/11,Osasuna,Ath Madrid,2,3,A
03/04/11,Sevilla,Zaragoza,3,1,H
03/04/11,Sociedad,Hercules,1,3,A
04/04/11,Almeria,Ath Bilbao,1,3,A
09/04/11,Ath Bilbao,Real Madrid,0,3,A
09/04/11,Barcelona,Almeria,3,1,H
09/04/11,Mallorca,Sevilla,2,2,D
10/04/11,Ath Madrid,Sociedad,3,0,H
10/04/11,Hercules,Espanol,0,0,D
10/04/11,Malaga,La Coruna,0,0,D
10/04/11,Santander,Levante,1,1,D
10/04/11,Sp Gijon,Osasuna,1,0,H
10/04/11,Valencia,Villarreal,5,0,H
11/04/11,Zaragoza,Getafe,2,1,H
16/04/11,Almeria,Valencia,0,3,A
16/04/11,Getafe,Sevilla,1,0,H
16/04/11,Malaga,Mallorca,3,0,H
16/04/11,Real Madrid,Barcelona,1,1,D
17/04/11,Espanol,Ath Madrid,2,2,D
17/04/11,La Coruna,Santander,2,0,H
17/04/11,Levante,Hercules,2,1,H
17/04/11,Osasuna,Ath Bilbao,1,2,A
17/04/11,Sociedad,Sp Gijon,2,1,H
18/04/11,Villarreal,Zaragoza,1,0,H
23/04/11,Ath Bilbao,Sociedad,2,1,H
23/04/11,Barcelona,Osasuna,2,0,H
23/04/11,Valencia,Real Madrid,3,6,A
24/04/11,Ath Madrid,Levante,4,1,H
24/04/11,Hercules,La Coruna,1,0,H
24/04/11,Mallorca,Getafe,2,0,H
24/04/11,Santander,Malaga,1,2,A
24/04/11,Sevilla,Villarreal,3,2,H
24/04/11,Sp Gijon,Espanol,1,0,H
25/04/11,Zaragoza,Almeria,1,0,H
30/04/11,La Coruna,Ath Madrid,0,1,A
30/04/11,Real Madrid,Zaragoza,2,3,A
30/04/11,Sociedad,Barcelona,2,1,H
01/05/11,Almeria,Sevilla,0,1,A
01/05/11,Levante,Sp Gijon,0,0,D
01/05/11,Malaga,Hercules,3,1,H
01/05/11,Osasuna,Valencia,1,0,H
01/05/11,Santander,Mallorca,2,0,H
01/05/11,Villarreal,Getafe,2,1,H
02/05/11,Espanol,Ath Bilbao,2,1,H
07/05/11,Ath Bilbao,Levante,3,2,H
07/05/11,Ath Madrid,Malaga,0,3,A
07/05/11,Getafe,Almeria,2,0,H
07/05/11,Hercules,Santander,2,3,A
07/05/11,Sevilla,Real Madrid,2,6,A
07/05/11,Sp Gijon,La Coruna,2,2,D
07/05/11,Valencia,Sociedad,3,0,H
08/05/11,Barcelona,Espanol,2,0,H
08/05/11,Mallorca,Villarreal,0,0,D
08/05/11,Zaragoza,Osasuna,1,3,A
10/05/11,La Coruna,Ath Bilbao,2,1,H
10/05/11,Malaga,Sp Gijon,2,0,H
10/05/11,Real Madrid,Getafe,4,0,H
10/05/11,Santander,Ath Madrid,2,1,H
11/05/11,Almeria,Villarreal,0,0,D
11/05/11,Espanol,Valencia,2,2,D
11/05/11,Hercules,Mallorca,2,2,D
11/05/11,Levante,Barcelona,1,1,D
11/05/11,Osasuna,Sevilla,3,2,H
11/05/11,Sociedad,Zaragoza,2,1,H
15/05/11,Almeria,Mallorca,3,1,H
15/05/11,Ath Bilbao,Malaga,1,1,D
15/05/11,Ath Madrid,Hercules,2,1,H
15/05/11,Barcelona,La Coruna,0,0,D
15/05/11,Getafe,Osasuna,2,0,H
15/05/11,Sevilla,Sociedad,3,1,H
15/05/11,Sp Gijon,Santander,2,1,H
15/05/11,Valencia,Levante,0,0,D
15/05/11,Villarreal,Real Madrid,1,3,A
15/05/11,Zaragoza,Espanol,1,0,H
21/05/11,Espanol,Sevilla,2,3,A
21/05/11,Hercules,Sp Gijon,0,0,D
21/05/11,La Coruna,Valencia,0,2,A
21/05/11,Levante,Zaragoza,1,2,A
21/05/11,Malaga,Barcelona,1,3,A
21/05/11,Mallorca,Ath Madrid,3,4,A
21/05/11,Osasuna,Villarreal,1,0,H
21/05/11,Real Madrid,Almeria,8,1,H
21/05/11,Santander,Ath Bilbao,1,2,A
21/05/11,Sociedad,Getafe,1,1,D
27/08/11,Granada,Betis,0,1,A
27/08/11,Sp Gijon,Sociedad,1,2,A
27/08/11,Valencia,Santander,4,3,H
28/08/11,Ath Bilbao,Vallecano,1,1,D
28/08/11,Ath Madrid,Osasuna,0,0,D
28/08/11,Getafe,Levante,1,1,D
28/08/11,Mallorca,Espanol,1,0,H
28/08/11,Sevilla,Malaga,2,1,H
28/08/11,Zaragoza,Real Madrid,0,6,A
29/08/11,Barcelona,Villarreal,5,0,H
10/09/11,Real Madrid,Getafe,4,2,H
10/09/11,Sociedad,Barcelona,2,2,D
10/09/11,Valencia,Ath Madrid,1,0,H
10/09/11,Villarreal,Sevilla,2,2,D
11/09/11,Betis,Mallorca,1,0,H
11/09/11,Espanol,Ath Bilbao,2,1,H
11/09/11,Osasuna,Sp Gijon,2,1,H
11/09/11,Santander,Levante,0,0,D
11/09/11,Vallecano,Zaragoza,0,0,D
12/09/11,Malaga,Granada,4,0,H
17/09/11,Barcelona,Osasuna,8,0,H
17/09/11,Granada,Villarreal,1,0,H
17/09/11,Mallorca,Malaga,0,1,A
17/09/11,Sevilla,Sociedad,1,0,H
17/09/11,Sp Gijon,Valencia,0,1,A
18/09/11,Ath Bilbao,Betis,2,3,A
18/09/11,Ath Madrid,Santander,4,0,H
18/09/11,Getafe,Vallecano,0,1,A
18/09/11,Levante,Real Madrid,1,0,H
18/09/11,Zaragoza,Espanol,2,1,H
20/09/11,Osasuna,Sevilla,0,0,D
20/09/11,Sociedad,Granada,1,0,H
20/09/11,Villarreal,Mallorca,2,0,H
21/09/11,Ath Madrid,Sp Gijon,4,0,H
21/09/11,Malaga,Ath Bilbao,1,0,H
21/09/11,Santander,Real Madrid,0,0,D
21/09/11,Valencia,Barcelona,2,2,D
21/09/11,Vallecano,Levante,1,2,A
22/09/11,Betis,Zaragoza,4,3,H
22/09/11,Espanol,Getafe,1,0,H
24/09/11,Ath Bilbao,Villarreal,1,1,D
24/09/11,Barcelona,Ath Madrid,5,0,H
24/09/11,Real Madrid,Vallecano,6,2,H
24/09/11,Sevilla,Valencia,1,0,H
25/09/11,Granada,Osasuna,1,1,D
25/09/11,Levante,Espanol,3,1,H
25/09/11,Mallorca,Sociedad,2,1,H
25/09/11,Sp Gijon,Santander,0,0,D
25/09/11,Zaragoza,Malaga,0,0,D
26/09/11,Getafe,Betis,1,0,H
01/10/11,Malaga,Getafe,3,2,H
01/10/11,Osasuna,Mallorca,2,2,D
01/10/11,Santander,Vallecano,1,1,D
01/10/11,Valencia,Granada,1,0,H
01/10/11,Villarreal,Zaragoza,2,2,D
02/10/11,Ath Madrid,Sevilla,0,0,D
02/10/11,Betis,Levante,0,1,A
02/10/11,Espanol,Real Madrid,0,4,A
02/10/11,Sociedad,Ath Bilbao,1,2,A
02/10/11,Sp Gijon,Barcelona,0,1,A
15/10/11,Barcelona,Santander,3,0,H
15/10/11,Getafe,Villarreal,0,0,D
15/10/11,Granada,Ath Madrid,0,0,D
15/10/11,Mallorca,Valencia,1,1,D
15/10/11,Real Madrid,Betis,4,1,H
16/10/11,Levante,Malaga,3,0,H
16/10/11,Sevilla,Sp Gijon,2,1,H
16/10/11,Vallecano,Espanol,0,1,A
16/10/11,Zaragoza,Sociedad,2,0,H
17/10/11,Ath Bilbao,Osasuna,3,1,H
22/10/11,Barcelona,Sevilla,0,0,D
22/10/11,Malaga,Real Madrid,0,4,A
22/10/11,Santander,Espanol,0,1,A
22/10/11,Sp Gijon,Granada,2,0,H
23/10/11,Ath Madrid,Mallorca,1,1,D
23/10/11,Betis,Vallecano,0,2,A
23/10/11,Osasuna,Zaragoza,3,0,H
23/10/11,Sociedad,Getafe,0,0,D
23/10/11,Valencia,Ath Bilbao,1,1,D
23/10/11,Villarreal,Levante,0,3,A
25/10/11,Granada,Barcelona,0,1,A
25/10/11,Sevilla,Santander,2,2,D
26/10/11,Getafe,Osasuna,2,2,D
26/10/11,Levante,Sociedad,3,2,H
26/10/11,Mallorca,Sp Gijon,1,2,A
26/10/11,Real Madrid,Villarreal,3,0,H
26/10/11,Vallecano,Malaga,2,0,H
26/10/11,Zaragoza,Valencia,0,1,A
27/10/11,Ath Bilbao,Ath Madrid,3,0,H
27/10/11,Espanol,Betis,1,0,H
29/10/11,Barcelona,Mallorca,5,0,H
29/10/11,Sociedad,Real Madrid,0,1,A
29/10/11,Valencia,Getafe,3,1,H
29/10/11,Villarreal,Vallecano,2,0,H
30/10/11,Ath Madrid,Zaragoza,3,1,H
30/10/11,Malaga,Espanol,2,1,H
30/10/11,Osasuna,Levante,2,0,H
30/10/11,Santander,Betis,1,0,H
30/10/11,Sp Gijon,Ath Bilbao,1,1,D
31/10/11,Sevilla,Granada,1,2,A
05/11/11,Betis,Malaga,0,0,D
05/11/11,Levante,Valencia,0,2,A
05/11/11,Mallorca,Sevilla,0,0,D
06/11/11,Ath Bilbao,Barcelona,2,2,D
06/11/11,Espanol,Villarreal,0,0,D
06/11/11,Getafe,Ath Madrid,3,2,H
06/11/11,Granada,Santander,0,0,D
06/11/11,Real Madrid,Osasuna,7,1,H
06/11/11,Vallecano,Sociedad,4,0,H
06/11/11,Zaragoza,Sp Gijon,2,2,D
19/11/11,Barcelona,Zaragoza,4,0,H
19/11/11,Valencia,Real Madrid,2,3,A
19/11/11,Villarreal,Betis,1,0,H
20/11/11,Ath Madrid,Levante,3,2,H
20/11/11,Osasuna,Vallecano,0,0,D
20/11/11,Sevilla,Ath Bilbao,1,2,A
20/11/11,Sociedad,Espanol,0,0,D
20/11/11,Sp Gijon,Getafe,2,1,H
21/11/11,Santander,Malaga,1,3,A
26/11/11,Getafe,Barcelona,1,0,H
26/11/11,Real Madrid,Ath Madrid,4,1,H
26/11/11,Vallecano,Valencia,1,2,A
27/11/11,Ath Bilbao,Granada,0,1,A
27/11/11,Betis,Sociedad,2,3,A
27/11/11,Espanol,Osasuna,1,2,A
27/11/11,Levante,Sp Gijon,4,0,H
27/11/11,Mallorca,Santander,2,1,H
27/11/11,Zaragoza,Sevilla,0,1,A
28/11/11,Malaga,Villarreal,2,1,H
29/11/11,Barcelona,Vallecano,4,0,H
03/12/11,Barcelona,Levante,5,0,H
03/12/11,Santander,Villarreal,1,0,H
03/12/11,Sp Gijon,Real Madrid,0,3,A
03/12/11,Valencia,Espanol,2,1,H
04/12/11,Ath Madrid,Vallecano,3,1,H
04/12/11,Granada,Zaragoza,1,0,H
04/12/11,Mallorca,Ath Bilbao,1,1,D
04/12/11,Osasuna,Betis,2,1,H
04/12/11,Sociedad,Malaga,3,2,H
05/12/11,Sevilla,Getafe,3,0,H
07/12/11,Granada,Mallorca,2,2,D
10/12/11,Betis,Valencia,2,1,H
10/12/11,Levante,Sevilla,1,0,H
10/12/11,Real Madrid,Barcelona,1,3,A
11/12/11,Ath Bilbao,Santander,1,1,D
11/12/11,Espanol,Ath Madrid,4,2,H
11/12/11,Getafe,Granada,1,0,H
11/12/11,Malaga,Osasuna,1,1,D
11/12/11,Vallecano,Sp Gijon,1,3,A
11/12/11,Villarreal,Sociedad,1,1,D
11/12/11,Zaragoza,Mallorca,0,1,A
17/12/11,Ath Bilbao,Zaragoza,2,1,H
17/12/11,Mallorca,Getafe,1,2,A
17/12/11,Sevilla,Real Madrid,2,6,A
17/12/11,Sp Gijon,Espanol,1,2,A
18/12/11,Ath Madrid,Betis,0,2,A
18/12/11,Granada,Levante,2,1,H
18/12/11,Osasuna,Villarreal,2,1,H
18/12/11,Santander,Sociedad,0,0,D
18/12/11,Valencia,Malaga,2,0,H
07/01/12,Levante,Mallorca,0,0,D
07/01/12,Malaga,Ath Madrid,0,0,D
07/01/12,Real Madrid,Granada,5,1,H
07/01/12,Santander,Zaragoza,1,0,H
07/01/12,Sociedad,Osasuna,0,0,D
08/01/12,Betis,Sp Gijon,2,0,H
08/01/12,Espanol,Barcelona,1,1,D
08/01/12,Getafe,Ath Bilbao,0,0,D
08/01/12,Vallecano,Sevilla,2,1,H
08/01/12,Villarreal,Valencia,2,2,D
14/01/12,Granada,Vallecano,1,2,A
14/01/12,Mallorca,Real Madrid,1,2,A
14/01/12,Sevilla,Espanol,0,0,D
14/01/12,Valencia,Sociedad,0,1,A
14/01/12,Zaragoza,Getafe,1,1,D
15/01/12,Ath Bilbao,Levante,3,0,H
15/01/12,Ath Madrid,Villarreal,3,0,H
15/01/12,Barcelona,Betis,4,2,H
15/01/12,Osasuna,Santander,0,2,A
15/01/12,Sp Gijon,Malaga,2,1,H
21/01/12,Betis,Sevilla,1,1,D
21/01/12,Espanol,Granada,3,0,H
21/01/12,Santander,Getafe,1,2,A
21/01/12,Sociedad,Ath Madrid,0,4,A
22/01/12,Levante,Zaragoza,0,0,D
22/01/12,Malaga,Barcelona,1,4,A
22/01/12,Osasuna,Valencia,1,1,D
22/01/12,Real Madrid,Ath Bilbao,4,1,H
22/01/12,Vallecano,Mallorca,0,1,A
23/01/12,Villarreal,Sp Gijon,3,0,H
28/01/12,Espanol,Mallorca,1,0,H
28/01/12,Real Madrid,Zaragoza,3,1,H
28/01/12,Vallecano,Ath Bilbao,2,3,A
28/01/12,Villarreal,Barcelona,0,0,D
29/01/12,Betis,Granada,1,2,A
29/01/12,Levante,Getafe,1,2,A
29/01/12,Malaga,Sevilla,2,1,H
29/01/12,Santander,Valencia,2,2,D
29/01/12,Sociedad,Sp Gijon,5,1,H
30/01/12,Osasuna,Ath Madrid,0,1,A
04/02/12,Ath Bilbao,Espanol,3,3,D
04/02/12,Barcelona,Sociedad,2,1,H
04/02/12,Getafe,Real Madrid,0,1,A
04/02/12,Levante,Santander,1,1,D
04/02/12,Mallorca,Betis,1,0,H
05/02/12,Ath Madrid,Valencia,0,0,D
05/02/12,Sevilla,Villarreal,1,2,A
05/02/12,Sp Gijon,Osasuna,1,1,D
05/02/12,Zaragoza,Vallecano,1,2,A
06/02/12,Granada,Malaga,2,1,H
11/02/12,Betis,Ath Bilbao,2,1,H
11/02/12,Osasuna,Barcelona,3,2,H
11/02/12,Santander,Ath Madrid,0,0,D
12/02/12,Espanol,Zaragoza,0,2,A
12/02/12,Malaga,Mallorca,3,1,H
12/02/12,Real Madrid,Levante,4,2,H
12/02/12,Valencia,Sp Gijon,4,0,H
12/02/12,Vallecano,Getafe,2,0,H
12/02/12,Villarreal,Granada,3,1,H
13/02/12,Sociedad,Sevilla,2,0,H
18/02/12,Getafe,Espanol,1,1,D
18/02/12,Real Madrid,Santander,4,0,H
18/02/12,Sevilla,Osasuna,2,0,H
19/02/12,Ath Bilbao,Malaga,3,0,H
19/02/12,Barcelona,Valencia,5,1,H
19/02/12,Granada,Sociedad,4,1,H
19/02/12,Levante,Vallecano,3,5,A
19/02/12,Mallorca,Villarreal,4,0,H
19/02/12,Sp Gijon,Ath Madrid,1,1,D
20/02/12,Zaragoza,Betis,0,2,A
25/02/12,Betis,Getafe,1,1,D
25/02/12,Espanol,Levante,1,2,A
25/02/12,Malaga,Zaragoza,5,1,H
25/02/12,Santander,Sp Gijon,1,1,D
26/02/12,Ath Madrid,Barcelona,1,2,A
26/02/12,Osasuna,Granada,2,1,H
26/02/12,Sociedad,Mallorca,1,0,H
26/02/12,Valencia,Sevilla,1,2,A
26/02/12,Vallecano,Real Madrid,0,1,A
26/02/12,Villarreal,Ath Bilbao,2,2,D
03/03/12,Barcelona,Sp Gijon,3,1,H
03/03/12,Getafe,Malaga,1,3,A
03/03/12,Mallorca,Osasuna,1,1,D
03/03/12,Sevilla,Ath Madrid,1,1,D
03/03/12,Vallecano,Santander,4,2,H
04/03/12,Ath Bilbao,Sociedad,2,0,H
04/03/12,Granada,Valencia,0,1,A
04/03/12,Real Madrid,Espanol,5,0,H
04/03/12,Zaragoza,Villarreal,2,1,H
05/03/12,Levante,Betis,3,1,H
10/03/12,Betis,Real Madrid,2,3,A
10/03/12,Malaga,Levante,1,0,H
10/03/12,Sociedad,Zaragoza,3,0,H
10/03/12,Sp Gijon,Sevilla,1,0,H
11/03/12,Ath Madrid,Granada,2,0,H
11/03/12,Espanol,Vallecano,5,1,H
11/03/12,Osasuna,Ath Bilbao,2,1,H
11/03/12,Santander,Barcelona,0,2,A
11/03/12,Valencia,Mallorca,2,2,D
12/03/12,Villarreal,Getafe,1,2,A
17/03/12,Getafe,Sociedad,1,0,H
17/03/12,Granada,Sp Gijon,2,1,H
17/03/12,Sevilla,Barcelona,0,2,A
17/03/12,Vallecano,Betis,3,0,H
17/03/12,Zaragoza,Osasuna,1,1,D
18/03/12,Ath Bilbao,Valencia,0,3,A
18/03/12,Levante,Villarreal,1,0,H
18/03/12,Mallorca,Ath Madrid,2,1,H
18/03/12,Real Madrid,Malaga,1,1,D
19/03/12,Espanol,Santander,3,1,H
20/03/12,Barcelona,Granada,5,3,H
20/03/12,Osasuna,Getafe,0,0,D
21/03/12,Ath Madrid,Ath Bilbao,2,1,H
21/03/12,Sociedad,Levante,1,3,A
21/03/12,Sp Gijon,Mallorca,2,3,A
21/03/12,Valencia,Zaragoza,1,2,A
21/03/12,Villarreal,Real Madrid,1,1,D
22/03/12,Betis,Espanol,1,1,D
22/03/12,Malaga,Vallecano,4,2,H
22/03/12,Santander,Sevilla,0,3,A
24/03/12,Getafe,Valencia,3,1,H
24/03/12,Mallorca,Barcelona,0,2,A
24/03/12,Real Madrid,Sociedad,5,1,H
25/03/12,Ath Bilbao,Sp Gijon,1,1,D
25/03/12,Betis,Santander,1,1,D
25/03/12,Espanol,Malaga,1,2,A
25/03/12,Levante,Osasuna,0,2,A
25/03/12,Vallecano,Villarreal,0,2,A
25/03/12,Zaragoza,Ath Madrid,1,0,H
26/03/12,Granada,Sevilla,0,3,A
31/03/12,Barcelona,Ath Bilbao,2,0,H
31/03/12,Malaga,Betis,0,2,A
31/03/12,Osasuna,Real Madrid,1,5,A
31/03/12,Santander,Granada,0,1,A
31/03/12,Sp Gijon,Zaragoza,1,2,A
01/04/12,Ath Madrid,Getafe,3,0,H
01/04/12,Sociedad,Vallecano,4,0,H
01/04/12,Valencia,Levante,1,1,D
01/04/12,Villarreal,Espanol,0,0,D
02/04/12,Sevilla,Mallorca,3,1,H
07/04/12,Betis,Villarreal,3,1,H
07/04/12,Espanol,Sociedad,2,2,D
07/04/12,Getafe,Sp Gijon,2,0,H
07/04/12,Vallecano,Osasuna,6,0,H
07/04/12,Zaragoza,Barcelona,1,4,A
08/04/12,Ath Bilbao,Sevilla,1,0,H
08/04/12,Levante,Ath Madrid,2,0,H
08/04/12,Mallorca,Granada,0,0,D
08/04/12,Real Madrid,Valencia,0,0,D
09/04/12,Malaga,Santander,3,0,H
10/04/12,Barcelona,Getafe,4,0,H
10/04/12,Osasuna,Espanol,2,0,H
10/04/12,Sociedad,Betis,1,1,D
11/04/12,Ath Madrid,Real Madrid,1,4,A
11/04/12,Granada,Ath Bilbao,2,2,D
11/04/12,Sp Gijon,Levante,3,2,H
11/04/12,Valencia,Vallecano,4,1,H
12/04/12,Santander,Mallorca,0,3,A
12/04/12,Sevilla,Zaragoza,3,0,H
12/04/12,Villarreal,Malaga,2,1,H
14/04/12,Levante,Barcelona,1,2,A
14/04/12,Real Madrid,Sp Gijon,3,1,H
15/04/12,Ath Bilbao,Mallorca,1,0,H
15/04/12,Betis,Osasuna,1,0,H
15/04/12,Espanol,Valencia,4,0,H
15/04/12,Malaga,Sociedad,1,1,D
15/04/12,Vallecano,Ath Madrid,0,1,A
15/04/12,Villarreal,Santander,1,1,D
15/04/12,Zaragoza,Granada,1,0,H
16/04/12,Getafe,Sevilla,5,1,H
21/04/12,Barcelona,Real Madrid,1,2,A
21/04/12,Mallorca,Zaragoza,1,0,H
21/04/12,Sevilla,Levante,1,1,D
21/04/12,Sp Gijon,Vallecano,2,1,H
22/04/12,Ath Madrid,Espanol,3,1,H
22/04/12,Granada,Getafe,1,0,H
22/04/12,Santander,Ath Bilbao,0,1,A
22/04/12,Sociedad,Villarreal,1,1,D
22/04/12,Valencia,Betis,4,0,H
23/04/12,Osasuna,Malaga,1,1,D
28/04/12,Espanol,Sp Gijon,0,3,A
28/04/12,Getafe,Mallorca,1,3,A
28/04/12,Levante,Granada,3,1,H
28/04/12,Sociedad,Santander,3,0,H
28/04/12,Villarreal,Osasuna,1,1,D
29/04/12,Betis,Ath Madrid,2,2,D
29/04/12,Malaga,Valencia,1,0,H
29/04/12,Real Madrid,Sevilla,3,0,H
29/04/12,Vallecano,Barcelona,0,7,A
29/04/12,Zaragoza,Ath Bilbao,2,0,H
01/05/12,Getafe,Santander,1,1,D
01/05/12,Granada,Espanol,2,1,H
01/05/12,Sp Gijon,Villarreal,2,3,A
02/05/12,Ath Bilbao,Real Madrid,0,3,A
02/05/12,Ath Madrid,Sociedad,1,1,D
02/05/12,Barcelona,Malaga,4,1,H
02/05/12,Mallorca,Vallecano,1,0,H
02/05/12,Sevilla,Betis,1,2,A
02/05/12,Valencia,Osasuna,4,0,H
02/05/12,Zaragoza,Levante,1,0,H
05/05/12,Ath Bilbao,Getafe,0,0,D
05/05/12,Ath Madrid,Malaga,2,1,H
05/05/12,Barcelona,Espanol,4,0,H
05/05/12,Granada,Real Madrid,1,2,A
05/05/12,Mallorca,Levante,1,0,H
05/05/12,Osasuna,Sociedad,1,0,H
05/05/12,Sevilla,Vallecano,5,2,H
05/05/12,Sp Gijon,Betis,2,1,H
05/05/12,Valencia,Villarreal,1,0,H
05/05/12,Zaragoza,Santander,2,1,H
12/05/12,Betis,Barcelona,2,2,D
12/05/12,Sociedad,Valencia,1,0,H
13/05/12,Espanol,Sevilla,1,1,D
13/05/12,Getafe,Zaragoza,0,2,A
13/05/12,Levante,Ath Bilbao,3,0,H
13/05/12,Malaga,Sp Gijon,1,0,H
13/05/12,Real Madrid,Mallorca,4,1,H
13/05/12,Santander,Osasuna,2,4,A
13/05/12,Vallecano,Granada,1,0,H
13/05/12,Villarreal,Ath Madrid,0,1,A
18/08/12,Celta,Malaga,0,1,A
18/08/12,Mallorca,Espanol,2,1,H
18/08/12,Sevilla,Getafe,2,1,H
19/08/12,Ath Bilbao,Betis,3,5,A
19/08/12,Barcelona,Sociedad,5,1,H
19/08/12,Levante,Ath Madrid,1,1,D
19/08/12,Real Madrid,Valencia,1,1,D
20/08/12,La Coruna,Osasuna,2,0,H
20/08/12,Vallecano,Granada,1,0,H
20/08/12,Zaragoza,Valladolid,0,1,A
25/08/12,Betis,Vallecano,1,2,A
25/08/12,Espanol,Zaragoza,1,2,A
25/08/12,Malaga,Mallorca,1,1,D
25/08/12,Sociedad,Celta,2,1,H
26/08/12,Getafe,Real Madrid,2,1,H
26/08/12,Granada,Sevilla,1,1,D
26/08/12,Osasuna,Barcelona,1,2,A
26/08/12,Valencia,La Coruna,3,3,D
27/08/12,Ath Madrid,Ath Bilbao,4,0,H
27/08/12,Valladolid,Levante,2,0,H
01/09/12,Celta,Osasuna,2,0,H
01/09/12,La Coruna,Getafe,1,1,D
01/09/12,Mallorca,Sociedad,1,0,H
01/09/12,Zaragoza,Malaga,0,1,A
02/09/12,Ath Bilbao,Valladolid,2,0,H
02/09/12,Barcelona,Valencia,1,0,H
02/09/12,Levante,Espanol,3,2,H
02/09/12,Real Madrid,Granada,3,0,H
02/09/12,Vallecano,Sevilla,0,0,D
15/09/12,Getafe,Barcelona,1,4,A
15/09/12,Malaga,Levante,3,1,H
15/09/12,Sevilla,Real Madrid,1,0,H
15/09/12,Valencia,Celta,2,1,H
16/09/12,Ath Madrid,Vallecano,4,3,H
16/09/12,Espanol,Ath Bilbao,3,3,D
16/09/12,Granada,La Coruna,1,1,D
16/09/12,Osasuna,Mallorca,1,1,D
16/09/12,Sociedad,Zaragoza,2,0,H
17/09/12,Valladolid,Betis,0,1,A
22/09/12,Barcelona,Granada,2,0,H
22/09/12,Betis,Espanol,1,0,H
22/09/12,Celta,Getafe,2,1,H
22/09/12,Zaragoza,Osasuna,3,1,H
23/09/12,Ath Bilbao,Malaga,0,0,D
23/09/12,Ath Madrid,Valladolid,2,1,H
23/09/12,Levante,Sociedad,2,1,H
23/09/12,Mallorca,Valencia,2,0,H
24/09/12,La Coruna,Sevilla,0,2,A
24/09/12,Vallecano,Real Madrid,0,2,A
26/09/12,Betis,Ath Madrid,2,4,A
29/09/12,Malaga,Betis,4,0,H
29/09/12,Sevilla,Barcelona,2,3,A
29/09/12,Sociedad,Ath Bilbao,2,0,H
29/09/12,Valencia,Zaragoza,2,0,H
30/09/12,Espanol,Ath Madrid,0,1,A
30/09/12,Granada,Celta,2,1,H
30/09/12,Osasuna,Levante,4,0,H
30/09/12,Real Madrid,La Coruna,5,1,H
30/09/12,Valladolid,Vallecano,6,1,H
01/10/12,Getafe,Mallorca,1,0,H
05/10/12,Celta,Sevilla,2,0,H
06/10/12,Betis,Sociedad,2,0,H
06/10/12,Valladolid,Espanol,1,1,D
06/10/12,Vallecano,La Coruna,2,1,H
06/10/12,Zaragoza,Getafe,0,1,A
07/10/12,Ath Bilbao,Osasuna,1,0,H
07/10/12,Ath Madrid,Malaga,2,1,H
07/10/12,Barcelona,Real Madrid,2,2,D
07/10/12,Levante,Valencia,1,0,H
07/10/12,Mallorca,Granada,1,2,A
20/10/12,La Coruna,Barcelona,4,5,A
20/10/12,Malaga,Valladolid,2,1,H
20/10/12,Real Madrid,Celta,2,0,H
20/10/12,Valencia,Ath Bilbao,3,2,H
21/10/12,Espanol,Vallecano,3,2,H
21/10/12,Getafe,Levante,0,1,A
21/10/12,Granada,Zaragoza,1,2,A
21/10/12,Osasuna,Betis,0,0,D
21/10/12,Sociedad,Ath Madrid,0,1,A
22/10/12,Sevilla,Mallorca,3,2,H
27/10/12,Betis,Valencia,1,0,H
27/10/12,Celta,La Coruna,1,1,D
27/10/12,Espanol,Malaga,0,0,D
27/10/12,Vallecano,Barcelona,0,5,A
28/10/12,Ath Bilbao,Getafe,1,2,A
28/10/12,Ath Madrid,Osasuna,3,1,H
28/10/12,Levante,Granada,3,1,H
28/10/12,Mallorca,Real Madrid,0,5,A
28/10/12,Zaragoza,Sevilla,2,1,H
29/10/12,Valladolid,Sociedad,2,2,D
03/11/12,Barcelona,Celta,3,1,H
03/11/12,Malaga,Vallecano,1,2,A
03/11/12,Real Madrid,Zaragoza,4,0,H
03/11/12,Valencia,Ath Madrid,2,0,H
04/11/12,Granada,Ath Bilbao,1,2,A
04/11/12,La Coruna,Mallorca,1,0,H
04/11/12,Osasuna,Valladolid,0,1,A
04/11/12,Sevilla,Levante,0,0,D
04/11/12,Sociedad,Espanol,0,1,A
05/11/12,Getafe,Betis,2,4,A
09/11/12,Betis,Granada,1,2,A
10/11/12,Espanol,Osasuna,0,3,A
10/11/12,Malaga,Sociedad,1,2,A
10/11/12,Vallecano,Celta,3,2,H
10/11/12,Zaragoza,La Coruna,5,3,H
11/11/12,Ath Bilbao,Sevilla,2,1,H
11/11/12,Ath Madrid,Getafe,2,0,H
11/11/12,Levante,Real Madrid,1,2,A
11/11/12,Mallorca,Barcelona,2,4,A
11/11/12,Valladolid,Valencia,1,1,D
17/11/12,Barcelona,Zaragoza,3,1,H
17/11/12,Osasuna,Malaga,0,0,D
17/11/12,Real Madrid,Ath Bilbao,5,1,H
17/11/12,Valencia,Espanol,2,1,H
18/11/12,Celta,Mallorca,1,1,D
18/11/12,Getafe,Valladolid,2,1,H
18/11/12,Granada,Ath Madrid,0,1,A
18/11/12,La Coruna,Levante,0,2,A
18/11/12,Sevilla,Betis,5,1,H
19/11/12,Sociedad,Vallecano,4,0,H
23/11/12,Sociedad,Osasuna,0,0,D
24/11/12,Betis,Real Madrid,1,0,H
24/11/12,Malaga,Valencia,4,0,H
24/11/12,Valladolid,Granada,1,0,H
24/11/12,Vallecano,Mallorca,2,0,H
25/11/12,Ath Bilbao,La Coruna,1,1,D
25/11/12,Ath Madrid,Sevilla,4,0,H
25/11/12,Espanol,Getafe,0,2,A
25/11/12,Levante,Barcelona,0,4,A
26/11/12,Zaragoza,Celta,0,1,A
30/11/12,Osasuna,Vallecano,1,0,H
01/12/12,Barcelona,Ath Bilbao,5,1,H
01/12/12,Getafe,Malaga,1,0,H
01/12/12,Real Madrid,Ath Madrid,2,0,H
01/12/12,Valencia,Sociedad,2,5,A
02/12/12,Celta,Levante,1,1,D
02/12/12,Granada,Espanol,0,0,D
02/12/12,La Coruna,Betis,2,3,A
02/12/12,Mallorca,Zaragoza,1,1,D
03/12/12,Sevilla,Valladolid,1,2,A
07/12/12,Espanol,Sevilla,2,2,D
08/12/12,Malaga,Granada,4,0,H
08/12/12,Osasuna,Valencia,0,1,A
08/12/12,Sociedad,Getafe,1,1,D
08/12/12,Valladolid,Real Madrid,2,3,A
09/12/12,Ath Bilbao,Celta,1,0,H
09/12/12,Ath Madrid,La Coruna,6,0,H
09/12/12,Betis,Barcelona,1,2,A
09/12/12,Levante,Mallorca,4,0,H
10/12/12,Vallecano,Zaragoza,0,2,A
15/12/12,Getafe,Osasuna,1,1,D
15/12/12,Granada,Sociedad,0,0,D
15/12/12,Mallorca,Ath Bilbao,0,1,A
15/12/12,Sevilla,Malaga,0,2,A
16/12/12,Barcelona,Ath Madrid,4,1,H
16/12/12,Real Madrid,Espanol,2,2,D
16/12/12,Valencia,Vallecano,0,1,A
16/12/12,Zaragoza,Levante,0,1,A
17/12/12,Celta,Betis,0,1,A
17/12/12,La Coruna,Valladolid,0,0,D
20/12/12,Espanol,La Coruna,2,0,H
20/12/12,Sociedad,Sevilla,2,1,H
20/12/12,Vallecano,Levante,3,0,H
21/12/12,Ath Madrid,Celta,1,0,H
21/12/12,Valencia,Getafe,4,2,H
22/12/12,Ath Bilbao,Zaragoza,0,2,A
22/12/12,Betis,Mallorca,1,2,A
22/12/12,Malaga,Real Madrid,3,2,H
22/12/12,Osasuna,Granada,1,2,A
22/12/12,Valladolid,Barcelona,1,3,A
04/01/13,Zaragoza,Betis,1,2,A
05/01/13,Granada,Valencia,1,2,A
05/01/13,La Coruna,Malaga,1,0,H
05/01/13,Levante,Ath Bilbao,3,1,H
05/01/13,Sevilla,Osasuna,1,0,H
06/01/13,Barcelona,Espanol,4,0,H
06/01/13,Celta,Valladolid,3,1,H
06/01/13,Mallorca,Ath Madrid,1,1,D
06/01/13,Real Madrid,Sociedad,4,3,H
07/01/13,Vallecano,Getafe,3,1,H
11/01/13,Ath Bilbao,Vallecano,1,2,A
12/01/13,Espanol,Celta,1,0,H
12/01/13,Osasuna,Real Madrid,0,0,D
12/01/13,Valencia,Sevilla,2,0,H
12/01/13,Valladolid,Mallorca,3,1,H
13/01/13,Ath Madrid,Zaragoza,2,0,H
13/01/13,Betis,Levante,2,0,H
13/01/13,Malaga,Barcelona,1,3,A
13/01/13,Sociedad,La Coruna,1,1,D
14/01/13,Getafe,Granada,2,2,D
18/01/13,Espanol,Mallorca,3,2,H
19/01/13,Getafe,Sevilla,1,1,D
19/01/13,Granada,Vallecano,2,0,H
19/01/13,Malaga,Celta,1,1,D
19/01/13,Sociedad,Barcelona,3,2,H
20/01/13,Ath Madrid,Levante,2,0,H
20/01/13,Osasuna,La Coruna,2,1,H
20/01/13,Valencia,Real Madrid,0,5,A
20/01/13,Valladolid,Zaragoza,2,0,H
21/01/13,Betis,Ath Bilbao,1,1,D
26/01/13,Celta,Sociedad,1,1,D
26/01/13,La Coruna,Valencia,2,3,A
26/01/13,Levante,Valladolid,2,1,H
26/01/13,Zaragoza,Espanol,0,0,D
27/01/13,Ath Bilbao,Ath Madrid,3,0,H
27/01/13,Barcelona,Osasuna,5,1,H
27/01/13,Mallorca,Malaga,2,3,A
27/01/13,Real Madrid,Getafe,4,0,H
27/01/13,Vallecano,Betis,3,0,H
28/01/13,Sevilla,Granada,3,0,H
01/02/13,Valladolid,Ath Bilbao,2,2,D
02/02/13,Espanol,Levante,3,2,H
02/02/13,Getafe,La Coruna,3,1,H
02/02/13,Granada,Real Madrid,1,0,H
02/02/13,Osasuna,Celta,1,0,H
03/02/13,Ath Madrid,Betis,1,0,H
03/02/13,Malaga,Zaragoza,1,1,D
03/02/13,Sevilla,Vallecano,2,1,H
03/02/13,Sociedad,Mallorca,3,0,H
03/02/13,Valencia,Barcelona,1,1,D
09/02/13,Celta,Valencia,0,1,A
09/02/13,La Coruna,Granada,0,3,A
09/02/13,Levante,Malaga,1,2,A
09/02/13,Mallorca,Osasuna,1,1,D
09/02/13,Real Madrid,Sevilla,4,1,H
10/02/13,Ath Bilbao,Espanol,0,4,A
10/02/13,Barcelona,Getafe,6,1,H
10/02/13,Vallecano,Ath Madrid,2,1,H
10/02/13,Zaragoza,Sociedad,1,2,A
11/02/13,Betis,Valladolid,0,0,D
15/02/13,Sevilla,La Coruna,3,1,H
16/02/13,Getafe,Celta,3,1,H
16/02/13,Granada,Barcelona,1,2,A
16/02/13,Malaga,Ath Bilbao,1,0,H
16/02/13,Osasuna,Zaragoza,1,0,H
17/02/13,Espanol,Betis,1,0,H
17/02/13,Real Madrid,Vallecano,2,0,H
17/02/13,Sociedad,Levante,1,1,D
17/02/13,Valencia,Mallorca,2,0,H
17/02/13,Valladolid,Ath Madrid,0,3,A
22/02/13,Ath Bilbao,Sociedad,1,3,A
23/02/13,Barcelona,Sevilla,2,1,H
23/02/13,La Coruna,Real Madrid,1,2,A
23/02/13,Mallorca,Getafe,1,3,A
23/02/13,Zaragoza,Valencia,2,2,D
24/02/13,Ath Madrid,Espanol,1,0,H
24/02/13,Betis,Malaga,3,0,H
24/02/13,Celta,Granada,2,1,H
24/02/13,Vallecano,Valladolid,1,2,A
25/02/13,Levante,Osasuna,0,2,A
01/03/13,Getafe,Zaragoza,2,0,H
02/03/13,La Coruna,Vallecano,0,0,D
02/03/13,Osasuna,Ath Bilbao,0,1,A
02/03/13,Real Madrid,Barcelona,2,1,H
02/03/13,Valencia,Levante,2,2,D
03/03/13,Espanol,Valladolid,0,0,D
03/03/13,Granada,Mallorca,1,2,A
03/03/13,Malaga,Ath Madrid,0,0,D
03/03/13,Sociedad,Betis,3,3,D
04/03/13,Sevilla,Celta,4,1,H
08/03/13,Betis,Osasuna,2,1,H
09/03/13,Barcelona,La Coruna,2,0,H
09/03/13,Mallorca,Sevilla,2,1,H
09/03/13,Valladolid,Malaga,1,1,D
09/03/13,Vallecano,Espanol,2,0,H
10/03/13,Ath Bilbao,Valencia,1,0,H
10/03/13,Ath Madrid,Sociedad,0,1,A
10/03/13,Celta,Real Madrid,1,2,A
10/03/13,Levante,Getafe,0,0,D
11/03/13,Zaragoza,Granada,0,0,D
15/03/13,La Coruna,Celta,3,1,H
16/03/13,Getafe,Ath Bilbao,1,0,H
16/03/13,Real Madrid,Mallorca,5,2,H
16/03/13,Sociedad,Valladolid,4,1,H
16/03/13,Valencia,Betis,3,0,H
17/03/13,Barcelona,Vallecano,3,1,H
17/03/13,Granada,Levante,1,1,D
17/03/13,Malaga,Espanol,0,2,A
17/03/13,Osasuna,Ath Madrid,0,2,A
17/03/13,Sevilla,Zaragoza,4,0,H
30/03/13,Celta,Barcelona,2,2,D
30/03/13,Levante,Sevilla,1,0,H
30/03/13,Vallecano,Malaga,1,3,A
30/03/13,Zaragoza,Real Madrid,1,1,D
31/03/13,Ath Madrid,Valencia,1,1,D
31/03/13,Espanol,Sociedad,2,2,D
31/03/13,Mallorca,La Coruna,2,3,A
31/03/13,Valladolid,Osasuna,1,3,A
01/04/13,Ath Bilbao,Granada,1,0,H
01/04/13,Betis,Getafe,0,0,D
05/04/13,Granada,Betis,1,5,A
06/04/13,Barcelona,Mallorca,5,0,H
06/04/13,La Coruna,Zaragoza,3,2,H
06/04/13,Real Madrid,Levante,5,1,H
06/04/13,Sociedad,Malaga,4,2,H
07/04/13,Celta,Vallecano,0,2,A
07/04/13,Getafe,Ath Madrid,0,0,D
07/04/13,Osasuna,Espanol,0,2,A
07/04/13,Valencia,Valladolid,2,1,H
08/04/13,Sevilla,Ath Bilbao,2,1,H
12/04/13,Betis,Sevilla,3,3,D
13/04/13,Espanol,Valencia,3,3,D
13/04/13,Levante,La Coruna,0,4,A
13/04/13,Malaga,Osasuna,1,0,H
13/04/13,Valladolid,Getafe,2,1,H
14/04/13,Ath Bilbao,Real Madrid,0,3,A
14/04/13,Ath Madrid,Granada,5,0,H
14/04/13,Vallecano,Sociedad,0,2,A
14/04/13,Zaragoza,Barcelona,0,3,A
15/04/13,Mallorca,Celta,1,0,H
19/04/13,Mallorca,Vallecano,1,1,D
20/04/13,Barcelona,Levante,1,0,H
20/04/13,Granada,Valladolid,1,1,D
20/04/13,Real Madrid,Betis,3,1,H
20/04/13,Valencia,Malaga,5,1,H
21/04/13,Getafe,Espanol,0,2,A
21/04/13,La Coruna,Ath Bilbao,1,1,D
21/04/13,Osasuna,Sociedad,0,0,D
21/04/13,Sevilla,Ath Madrid,0,1,A
22/04/13,Celta,Zaragoza,2,1,H
26/04/13,Vallecano,Osasuna,2,2,D
27/04/13,Ath Bilbao,Barcelona,2,2,D
27/04/13,Ath Madrid,Real Madrid,1,2,A
27/04/13,Levante,Celta,0,1,A
27/04/13,Zaragoza,Mallorca,3,2,H
28/04/13,Espanol,Granada,0,1,A
28/04/13,Malaga,Getafe,2,1,H
28/04/13,Sociedad,Valencia,4,2,H
28/04/13,Valladolid,Sevilla,1,1,D
29/04/13,Betis,La Coruna,1,1,D
03/05/13,Celta,Ath Bilbao,1,1,D
04/05/13,Granada,Malaga,1,0,H
04/05/13,La Coruna,Ath Madrid,0,0,D
04/05/13,Real Madrid,Valladolid,4,3,H
04/05/13,Valencia,Osasuna,4,0,H
05/05/13,Barcelona,Betis,4,2,H
05/05/13,Mallorca,Levante,1,1,D
05/05/13,Sevilla,Espanol,3,0,H
05/05/13,Zaragoza,Vallecano,3,0,H
06/05/13,Getafe,Sociedad,2,1,H
08/05/13,Celta,Ath Madrid,1,3,A
08/05/13,Real Madrid,Malaga,6,2,H
10/05/13,Levante,Zaragoza,0,0,D
11/05/13,Ath Bilbao,Mallorca,2,1,H
11/05/13,Espanol,Real Madrid,1,1,D
11/05/13,Osasuna,Getafe,1,0,H
11/05/13,Valladolid,La Coruna,1,0,H
12/05/13,Ath Madrid,Barcelona,1,2,A
12/05/13,Betis,Celta,1,0,H
12/05/13,Malaga,Sevilla,0,0,D
12/05/13,Vallecano,Valencia,0,4,A
13/05/13,Sociedad,Granada,2,2,D
18/05/13,Getafe,Valencia,0,1,A
18/05/13,Granada,Osasuna,3,0,H
18/05/13,Sevilla,Sociedad,1,2,A
19/05/13,Barcelona,Valladolid,2,1,H
19/05/13,La Coruna,Espanol,2,0,H
19/05/13,Levante,Vallecano,2,3,A
19/05/13,Zaragoza,Ath Bilbao,1,2,A
20/05/13,Mallorca,Betis,1,0,H
26/05/13,Ath Bilbao,Levante,0,1,A
26/05/13,Ath Madrid,Mallorca,0,0,D
26/05/13,Betis,Zaragoza,4,0,H
26/05/13,Espanol,Barcelona,0,2,A
26/05/13,Getafe,Vallecano,1,2,A
26/05/13,Malaga,La Coruna,3,1,H
26/05/13,Osasuna,Sevilla,2,1,H
26/05/13,Sociedad,Real Madrid,3,3,D
26/05/13,Valencia,Granada,1,0,H
26/05/13,Valladolid,Celta,0,2,A
01/06/13,Barcelona,Malaga,4,1,H
01/06/13,Celta,Espanol,1,0,H
01/06/13,Granada,Getafe,2,0,H
01/06/13,La Coruna,Sociedad,0,1,A
01/06/13,Levante,Betis,1,1,D
01/06/13,Mallorca,Valladolid,4,2,H
01/06/13,Real Madrid,Osasuna,4,2,H
01/06/13,Sevilla,Valencia,4,3,H
01/06/13,Vallecano,Ath Bilbao,2,2,D
01/06/13,Zaragoza,Ath Madrid,1,3,A
17/08/13,Sociedad,Getafe,2,0,H
17/08/13,Valencia,Malaga,1,0,H
17/08/13,Valladolid,Ath Bilbao,1,2,A
18/08/13,Barcelona,Levante,7,0,H
18/08/13,Osasuna,Granada,1,2,A
18/08/13,Real Madrid,Betis,2,1,H
18/08/13,Sevilla,Ath Madrid,1,3,A
19/08/13,Almeria,Villarreal,2,3,A
19/08/13,Celta,Espanol,2,2,D
19/08/13,Vallecano,Elche,3,0,H
23/08/13,Ath Bilbao,Osasuna,2,0,H
23/08/13,Getafe,Almeria,2,2,D
24/08/13,Elche,Sociedad,1,1,D
24/08/13,Espanol,Valencia,3,1,H
24/08/13,Villarreal,Valladolid,2,1,H
25/08/13,Ath Madrid,Vallecano,5,0,H
25/08/13,Betis,Celta,1,2,A
25/08/13,Levante,Sevilla,0,0,D
25/08/13,Malaga,Barcelona,0,1,A
26/08/13,Granada,Real Madrid,0,1,A
30/08/13,Almeria,Elche,2,2,D
30/08/13,Vallecano,Levante,1,2,A
31/08/13,Celta,Granada,1,1,D
31/08/13,Osasuna,Villarreal,0,3,A
31/08/13,Valladolid,Getafe,1,0,H
01/09/13,Espanol,Betis,0,0,D
01/09/13,Real Madrid,Ath Bilbao,3,1,H
01/09/13,Sevilla,Malaga,2,2,D
01/09/13,Sociedad,Ath Madrid,1,2,A
01/09/13,Valencia,Barcelona,2,3,A
14/09/13,Ath Madrid,Almeria,4,2,H
14/09/13,Barcelona,Sevilla,3,2,H
14/09/13,Levante,Sociedad,0,0,D
14/09/13,Villarreal,Real Madrid,2,2,D
15/09/13,Betis,Valencia,3,1,H
15/09/13,Getafe,Osasuna,2,1,H
15/09/13,Granada,Espanol,0,1,A
15/09/13,Malaga,Vallecano,5,0,H
16/09/13,Ath Bilbao,Celta,3,2,H
16/09/13,Elche,Valladolid,0,0,D
20/09/13,Osasuna,Elche,2,1,H
21/09/13,Almeria,Levante,2,2,D
21/09/13,Sociedad,Malaga,0,0,D
21/09/13,Valladolid,Ath Madrid,0,2,A
21/09/13,Vallecano,Barcelona,0,4,A
22/09/13,Betis,Granada,0,0,D
22/09/13,Celta,Villarreal,0,0,D
22/09/13,Real Madrid,Getafe,4,1,H
22/09/13,Valencia,Sevilla,3,1,H
23/09/13,Espanol,Ath Bilbao,3,2,H
24/09/13,Ath Madrid,Osasuna,2,1,H
24/09/13,Barcelona,Sociedad,4,1,H
24/09/13,Levante,Valladolid,1,1,D
24/09/13,Malaga,Almeria,2,0,H
25/09/13,Elche,Real Madrid,1,2,A
25/09/13,Granada,Valencia,0,1,A
25/09/13,Sevilla,Vallecano,4,1,H
26/09/13,Ath Bilbao,Betis,2,1,H
26/09/13,Getafe,Celta,2,0,H
26/09/13,Villarreal,Espanol,2,1,H
27/09/13,Valladolid,Malaga,2,2,D
28/09/13,Almeria,Barcelona,0,2,A
28/09/13,Real Madrid,Ath Madrid,0,1,A
28/09/13,Sociedad,Sevilla,1,1,D
28/09/13,Valencia,Vallecano,1,0,H
29/09/13,Betis,Villarreal,1,0,H
29/09/13,Celta,Elche,0,1,A
29/09/13,Espanol,Getafe,0,2,A
29/09/13,Osasuna,Levante,0,1,A
30/09/13,Granada,Ath Bilbao,2,0,H
04/10/13,Malaga,Osasuna,0,1,A
04/10/13,Villarreal,Granada,3,0,H
05/10/13,Barcelona,Valladolid,4,1,H
05/10/13,Elche,Espanol,2,1,H
05/10/13,Levante,Real Madrid,2,3,A
05/10/13,Vallecano,Sociedad,1,0,H
06/10/13,Ath Bilbao,Valencia,1,1,D
06/10/13,Ath Madrid,Celta,2,1,H
06/10/13,Getafe,Betis,3,1,H
06/10/13,Sevilla,Almeria,2,1,H
19/10/13,Espanol,Ath Madrid,1,0,H
19/10/13,Osasuna,Barcelona,0,0,D
19/10/13,Real Madrid,Malaga,2,0,H
19/10/13,Valencia,Sociedad,1,2,A
20/10/13,Almeria,Vallecano,0,1,A
20/10/13,Betis,Elche,1,2,A
20/10/13,Granada,Getafe,0,2,A
20/10/13,Valladolid,Sevilla,2,2,D
21/10/13,Ath Bilbao,Villarreal,2,0,H
21/10/13,Celta,Levante,0,1,A
25/10/13,Vallecano,Valladolid,0,3,A
26/10/13,Barcelona,Real Madrid,2,1,H
26/10/13,Elche,Granada,0,1,A
26/10/13,Levante,Espanol,3,0,H
26/10/13,Malaga,Celta,0,5,A
27/10/13,Ath Madrid,Betis,5,0,H
27/10/13,Sevilla,Osasuna,2,1,H
27/10/13,Sociedad,Almeria,3,0,H
27/10/13,Villarreal,Valencia,4,1,H
28/10/13,Getafe,Ath Bilbao,0,1,A
29/10/13,Celta,Barcelona,0,3,A
29/10/13,Espanol,Malaga,0,0,D
30/10/13,Osasuna,Vallecano,3,1,H
30/10/13,Real Madrid,Sevilla,7,3,H
30/10/13,Valencia,Almeria,1,2,A
30/10/13,Valladolid,Sociedad,2,2,D
31/10/13,Ath Bilbao,Elche,2,2,D
31/10/13,Betis,Levante,0,0,D
31/10/13,Granada,Ath Madrid,1,2,A
31/10/13,Villarreal,Getafe,0,2,A
01/11/13,Barcelona,Espanol,1,0,H
02/11/13,Almeria,Valladolid,1,0,H
02/11/13,Sevilla,Celta,0,1,A
02/11/13,Sociedad,Osasuna,5,0,H
02/11/13,Vallecano,Real Madrid,2,3,A
03/11/13,Ath Madrid,Ath Bilbao,2,0,H
03/11/13,Getafe,Valencia,0,1,A
03/11/13,Levante,Granada,0,1,A
03/11/13,Malaga,Betis,3,2,H
04/11/13,Elche,Villarreal,0,1,A
08/11/13,Granada,Malaga,3,1,H
08/11/13,Osasuna,Almeria,0,1,A
09/11/13,Ath Bilbao,Levante,2,1,H
09/11/13,Celta,Vallecano,0,2,A
09/11/13,Getafe,Elche,1,1,D
09/11/13,Real Madrid,Sociedad,5,1,H
10/11/13,Betis,Barcelona,1,4,A
10/11/13,Espanol,Sevilla,1,3,A
10/11/13,Valencia,Valladolid,2,2,D
10/11/13,Villarreal,Ath Madrid,1,1,D
22/11/13,Valladolid,Osasuna,0,1,A
23/11/13,Almeria,Real Madrid,0,5,A
23/11/13,Ath Madrid,Getafe,7,0,H
23/11/13,Barcelona,Granada,4,0,H
23/11/13,Sociedad,Celta,4,3,H
24/11/13,Elche,Valencia,2,1,H
24/11/13,Levante,Villarreal,0,3,A
24/11/13,Sevilla,Betis,4,0,H
24/11/13,Vallecano,Espanol,1,4,A
25/11/13,Malaga,Ath Bilbao,1,2,A
29/11/13,Getafe,Levante,1,0,H
29/11/13,Villarreal,Malaga,1,1,D
30/11/13,Celta,Almeria,3,1,H
30/11/13,Elche,Ath Madrid,0,2,A
30/11/13,Espanol,Sociedad,1,2,A
30/11/13,Real Madrid,Valladolid,4,0,H
01/12/13,Ath Bilbao,Barcelona,1,0,H
01/12/13,Betis,Vallecano,2,2,D
01/12/13,Granada,Sevilla,1,2,A
01/12/13,Valencia,Osasuna,3,0,H
13/12/13,Levante,Elche,2,1,H
14/12/13,Barcelona,Villarreal,2,1,H
14/12/13,Malaga,Getafe,1,0,H
14/12/13,Osasuna,Real Madrid,2,2,D
14/12/13,Vallecano,Granada,0,2,A
15/12/13,Almeria,Espanol,0,0,D
15/12/13,Ath Madrid,Valencia,3,0,H
15/12/13,Sevilla,Ath Bilbao,1,1,D
15/12/13,Sociedad,Betis,5,1,H
16/12/13,Valladolid,Celta,3,0,H
20/12/13,Elche,Malaga,0,1,A
21/12/13,Ath Madrid,Levante,3,2,H
21/12/13,Betis,Almeria,0,1,A
21/12/13,Granada,Sociedad,1,3,A
21/12/13,Villarreal,Sevilla,1,2,A
22/12/13,Ath Bilbao,Vallecano,2,1,H
22/12/13,Celta,Osasuna,1,1,D
22/12/13,Espanol,Valladolid,4,2,H
22/12/13,Getafe,Barcelona,2,5,A
22/12/13,Valencia,Real Madrid,2,3,A
04/01/14,Almeria,Granada,3,0,H
04/01/14,Malaga,Ath Madrid,0,1,A
04/01/14,Valencia,Levante,2,0,H
04/01/14,Valladolid,Betis,0,0,D
05/01/14,Barcelona,Elche,4,0,H
05/01/14,Osasuna,Espanol,1,0,H
05/01/14,Sevilla,Getafe,3,0,H
05/01/14,Sociedad,Ath Bilbao,2,0,H
06/01/14,Real Madrid,Celta,3,0,H
06/01/14,Vallecano,Villarreal,2,5,A
10/01/14,Granada,Valladolid,4,0,H
11/01/14,Ath Bilbao,Almeria,6,1,H
11/01/14,Ath Madrid,Barcelona,0,0,D
11/01/14,Celta,Valencia,2,1,H
11/01/14,Elche,Sevilla,1,1,D
12/01/14,Betis,Osasuna,1,2,A
12/01/14,Espanol,Real Madrid,0,1,A
12/01/14,Getafe,Vallecano,0,1,A
12/01/14,Levante,Malaga,1,0,H
13/01/14,Villarreal,Sociedad,5,1,H
17/01/14,Malaga,Valencia,0,0,D
18/01/14,Betis,Real Madrid,0,5,A
18/01/14,Elche,Vallecano,2,0,H
18/01/14,Espanol,Celta,1,0,H
18/01/14,Granada,Osasuna,0,0,D
19/01/14,Ath Madrid,Sevilla,1,1,D
19/01/14,Getafe,Sociedad,2,2,D
19/01/14,Levante,Barcelona,1,1,D
19/01/14,Villarreal,Almeria,2,0,H
20/01/14,Ath Bilbao,Valladolid,4,2,H
24/01/14,Celta,Betis,4,2,H
25/01/14,Real Madrid,Granada,2,0,H
25/01/14,Sevilla,Levante,2,3,A
25/01/14,Valencia,Espanol,2,2,D
25/01/14,Valladolid,Villarreal,1,0,H
26/01/14,Almeria,Getafe,1,0,H
26/01/14,Barcelona,Malaga,3,0,H
26/01/14,Osasuna,Ath Bilbao,1,5,A
26/01/14,Vallecano,Ath Madrid,2,4,A
27/01/14,Sociedad,Elche,4,0,H
31/01/14,Granada,Celta,1,2,A
01/02/14,Barcelona,Valencia,2,3,A
01/02/14,Getafe,Valladolid,0,0,D
01/02/14,Levante,Vallecano,0,0,D
01/02/14,Malaga,Sevilla,3,2,H
02/02/14,Ath Bilbao,Real Madrid,1,1,D
02/02/14,Ath Madrid,Sociedad,4,0,H
02/02/14,Betis,Espanol,2,0,H
02/02/14,Elche,Almeria,1,0,H
03/02/14,Villarreal,Osasuna,3,1,H
07/02/14,Espanol,Granada,1,0,H
08/02/14,Almeria,Ath Madrid,2,0,H
08/02/14,Real Madrid,Villarreal,4,2,H
08/02/14,Valencia,Betis,5,0,H
08/02/14,Vallecano,Malaga,4,1,H
09/02/14,Osasuna,Getafe,2,0,H
09/02/14,Sevilla,Barcelona,1,4,A
09/02/14,Sociedad,Levante,0,0,D
09/02/14,Valladolid,Elche,2,2,D
10/02/14,Celta,Ath Bilbao,0,0,D
14/02/14,Elche,Osasuna,0,0,D
15/02/14,Ath Madrid,Valladolid,3,0,H
15/02/14,Barcelona,Vallecano,6,0,H
15/02/14,Levante,Almeria,1,0,H
15/02/14,Villarreal,Celta,0,2,A
16/02/14,Ath Bilbao,Espanol,1,2,A
16/02/14,Getafe,Real Madrid,0,3,A
16/02/14,Granada,Betis,1,0,H
16/02/14,Sevilla,Valencia,0,0,D
17/02/14,Malaga,Sociedad,0,1,A
21/02/14,Valladolid,Levante,1,1,D
22/02/14,Almeria,Malaga,0,0,D
22/02/14,Celta,Getafe,1,1,D
22/02/14,Real Madrid,Elche,3,0,H
22/02/14,Sociedad,Barcelona,3,1,H
23/02/14,Betis,Ath Bilbao,0,2,A
23/02/14,Osasuna,Ath Madrid,3,0,H
23/02/14,Valencia,Granada,2,1,H
23/02/14,Vallecano,Sevilla,0,1,A
24/02/14,Espanol,Villarreal,1,2,A
28/02/14,Ath Bilbao,Granada,4,0,H
01/03/14,Elche,Celta,1,0,H
01/03/14,Getafe,Espanol,0,0,D
01/03/14,Levante,Osasuna,2,0,H
01/03/14,Malaga,Valladolid,1,1,D
02/03/14,Ath Madrid,Real Madrid,2,2,D
02/03/14,Barcelona,Almeria,4,1,H
02/03/14,Sevilla,Sociedad,1,0,H
02/03/14,Vallecano,Valencia,1,0,H
02/03/14,Villarreal,Betis,1,1,D
08/03/14,Betis,Getafe,2,0,H
08/03/14,Celta,Ath Madrid,0,2,A
08/03/14,Granada,Villarreal,2,0,H
08/03/14,Valladolid,Barcelona,1,0,H
09/03/14,Almeria,Sevilla,1,3,A
09/03/14,Espanol,Elche,3,1,H
09/03/14,Real Madrid,Levante,3,0,H
09/03/14,Valencia,Ath Bilbao,1,1,D
10/03/14,Osasuna,Malaga,0,2,A
10/03/14,Sociedad,Vallecano,2,3,A
14/03/14,Getafe,Granada,3,3,D
15/03/14,Ath Madrid,Espanol,1,0,H
15/03/14,Levante,Celta,0,1,A
15/03/14,Malaga,Real Madrid,0,1,A
15/03/14,Vallecano,Almeria,3,1,H
16/03/14,Barcelona,Osasuna,7,0,H
16/03/14,Elche,Betis,0,0,D
16/03/14,Sevilla,Valladolid,4,1,H
16/03/14,Sociedad,Valencia,1,0,H
17/03/14,Villarreal,Ath Bilbao,1,1,D
21/03/14,Celta,Malaga,0,2,A
22/03/14,Ath Bilbao,Getafe,1,0,H
22/03/14,Espanol,Levante,0,0,D
22/03/14,Granada,Elche,1,0,H
22/03/14,Valladolid,Vallecano,1,1,D
23/03/14,Betis,Ath Madrid,0,2,A
23/03/14,Osasuna,Sevilla,1,2,A
23/03/14,Real Madrid,Barcelona,3,4,A
23/03/14,Valencia,Villarreal,2,1,H
24/03/14,Almeria,Sociedad,4,3,H
25/03/14,Elche,Ath Bilbao,0,0,D
25/03/14,Malaga,Espanol,1,2,A
26/03/14,Ath Madrid,Granada,1,0,H
26/03/14,Barcelona,Celta,3,0,H
26/03/14,Sevilla,Real Madrid,2,1,H
26/03/14,Vallecano,Osasuna,1,0,H
27/03/14,Almeria,Valencia,2,2,D
27/03/14,Getafe,Villarreal,0,1,A
27/03/14,Levante,Betis,1,3,A
27/03/14,Sociedad,Valladolid,1,0,H
29/03/14,Ath Bilbao,Ath Madrid,1,2,A
29/03/14,Celta,Sevilla,1,0,H
29/03/14,Espanol,Barcelona,0,1,A
29/03/14,Real Madrid,Vallecano,5,0,H
30/03/14,Osasuna,Sociedad,1,1,D
30/03/14,Valencia,Getafe,1,3,A
30/03/14,Valladolid,Almeria,1,0,H
30/03/14,Villarreal,Elche,1,1,D
31/03/14,Betis,Malaga,1,2,A
31/03/14,Granada,Levante,0,2,A
04/04/14,Almeria,Osasuna,1,2,A
05/04/14,Ath Madrid,Villarreal,1,0,H
05/04/14,Barcelona,Betis,3,1,H
05/04/14,Sociedad,Real Madrid,0,4,A
05/04/14,Vallecano,Celta,3,0,H
06/04/14,Elche,Getafe,1,0,H
06/04/14,Malaga,Granada,4,1,H
06/04/14,Sevilla,Espanol,4,1,H
06/04/14,Valladolid,Valencia,0,0,D
07/04/14,Levante,Ath Bilbao,1,2,A
11/04/14,Osasuna,Valladolid,0,0,D
12/04/14,Celta,Sociedad,2,2,D
12/04/14,Granada,Barcelona,1,0,H
12/04/14,Real Madrid,Almeria,4,0,H
12/04/14,Villarreal,Levante,1,0,H
13/04/14,Betis,Sevilla,0,2,A
13/04/14,Espanol,Vallecano,2,2,D
13/04/14,Getafe,Ath Madrid,0,2,A
13/04/14,Valencia,Elche,2,1,H
14/04/14,Ath Bilbao,Malaga,3,0,H
18/04/14,Ath Madrid,Elche,2,0,H
19/04/14,Levante,Getafe,0,0,D
19/04/14,Osasuna,Valencia,1,1,D
19/04/14,Sociedad,Espanol,2,1,H
20/04/14,Almeria,Celta,2,4,A
20/04/14,Barcelona,Ath Bilbao,2,1,H
20/04/14,Sevilla,Granada,4,0,H
20/04/14,Vallecano,Betis,3,1,H
21/04/14,Malaga,Villarreal,2,0,H
25/04/14,Elche,Levante,1,1,D
26/04/14,Betis,Sociedad,0,1,A
26/04/14,Getafe,Malaga,1,0,H
26/04/14,Granada,Vallecano,0,3,A
26/04/14,Real Madrid,Osasuna,4,0,H
27/04/14,Ath Bilbao,Sevilla,3,1,H
27/04/14,Espanol,Almeria,1,2,A
27/04/14,Valencia,Ath Madrid,0,1,A
27/04/14,Villarreal,Barcelona,2,3,A
28/04/14,Celta,Valladolid,4,1,H
02/05/14,Vallecano,Ath Bilbao,0,3,A
03/05/14,Barcelona,Getafe,2,2,D
03/05/14,Malaga,Elche,0,1,A
03/05/14,Osasuna,Celta,0,2,A
03/05/14,Valladolid,Espanol,1,0,H
04/05/14,Almeria,Betis,3,2,H
04/05/14,Levante,Ath Madrid,2,0,H
04/05/14,Real Madrid,Valencia,2,2,D
04/05/14,Sevilla,Villarreal,0,0,D
05/05/14,Sociedad,Granada,1,1,D
07/05/14,Valladolid,Real Madrid,1,1,D
10/05/14,Levante,Valencia,2,0,H
10/05/14,Villarreal,Vallecano,4,0,H
11/05/14,Ath Bilbao,Sociedad,1,1,D
11/05/14,Ath Madrid,Malaga,1,1,D
11/05/14,Betis,Valladolid,4,3,H
11/05/14,Celta,Real Madrid,2,0,H
11/05/14,Elche,Barcelona,0,0,D
11/05/14,Espanol,Osasuna,1,1,D
11/05/14,Getafe,Sevilla,1,0,H
11/05/14,Granada,Almeria,0,2,A
16/05/14,Malaga,Levante,1,0,H
17/05/14,Barcelona,Ath Madrid,1,1,D
17/05/14,Real Madrid,Espanol,3,1,H
17/05/14,Valencia,Celta,2,1,H
18/05/14,Almeria,Ath Bilbao,0,0,D
18/05/14,Osasuna,Betis,2,1,H
18/05/14,Sevilla,Elche,3,1,H
18/05/14,Sociedad,Villarreal,1,2,A
18/05/14,Valladolid,Granada,0,1,A
18/05/14,Vallecano,Getafe,1,2,A
